Term,frequency,Company_Name,Sector
BEST,912,BEST Inc. American Depositary Shares each representing one Class A Ordinary Share,
DD,603,DuPont de Nemours Inc. Common Stock,Capital Goods
AMC,333,AMC Entertainment Holdings Inc. Class A Common Stock,Consumer Services
GAIN,234,Gladstone Investment Corporation Business Development Company,Finance
NEW,870,Puxin Limited American Depositary Shares each representing two Ordinary Shares,Miscellaneous
JOBS,60,51job Inc. American Depositary Shares,Technology
GME,981,GameStop Corporation Common Stock,Consumer Services
AM,879,Antero Midstream Corporation Common Stock,Public Utilities
BIT,204,BlackRock Multi-Sector Income Trust Common Shares of Beneficial Interest,
GOOD,783,Gladstone Commercial Corporation Real Estate Investment Trust,Consumer Services
BOB,6,Merlyn.AI Best-of-Breed Core Momentum ETF,
ONE,1323,OneSmart International Education Group Limited ADS,Miscellaneous
SP,144,SP Plus Corporation Common Stock,Miscellaneous
LOW,543,Lowe's Companies Inc. Common Stock,Consumer Services
PLAY,369,Dave & Buster's Entertainment Inc. Common Stock,Consumer Services
SEE,1023,Sealed Air Corporation Common Stock,Basic Industries
UNIT,9,Uniti Group Inc. Common Stock,Consumer Services
HOME,183,At Home Group Inc. Common Stock,Consumer Services
TRUE,129,TrueCar Inc. Common Stock,
CASH,453,Meta Financial Group Inc. Common Stock,Finance
FACT,285,Freedom Acquisition I Corp. Class A Ordinary Shares,Health Care
TWO,375,Two Harbors Investment Corp,Consumer Services
CAT,45,Caterpillar Inc. Common Stock,Capital Goods
CARE,198,Carter Bankshares Inc. Common Stock,Finance
CRSR,21,Corsair Gaming Inc. Common Stock,Technology
LOGI,6,Logitech International S.A. Ordinary Shares,Technology
WELL,861,Welltower Inc. Common Stock,Consumer Services
GP,12,GreenPower Motor Company Inc. Common Shares,Capital Goods
TTM,12,Tata Motors Ltd Tata Motors Limited,Capital Goods
CAP,231,Capitol Investment Corp. V Class A Common Stock,
NET,375,Cloudflare Inc. Class A Common Stock,Technology
VS,180,Versus Systems Inc. Common Shares,
NEXT,597,NextDecade Corporation Common Stock,Energy
STAY,102,Extended Stay America Inc. Paired Shares,Consumer Services
NICE,111,NICE Ltd American Depositary Shares,Technology
MOVE,228,Movano Inc. Common Stock,Health Care
BOOM,60,DMC Global Inc. Common Stock,
MCS,6,Marcus Corporation (The) Common Stock,Consumer Services
EVER,291,EverQuote Inc. Class A Common Stock,Technology
ANY,840,Sphere 3D Corp. Common Shares,
TECH,270,Bio-Techne Corp Common Stock,Health Care
HE,861,Hawaiian Electric Industries Inc. Common Stock,
HOPE,144,Hope Bancorp Inc. Common Stock,Finance
L,27,Loews Corporation Common Stock,Finance
COO,6,The Cooper Companies Inc. Common Stock,Health Care
ELSE,177,Electro-Sensors Inc. Common Stock,Capital Goods
K,597,Kellogg Company Common Stock,Consumer Non-Durables
JP,30,Jupai Holdings Limited American Depositary Shares each representing six ordinary shares,Consumer Services
PT,57,Pintec Technology Holdings Limited American Depositary Shares,Technology
BIG,402,Big Lots Inc. Common Stock,Consumer Services
SI,51,Silvergate Capital Corporation Class A Common Stock,
APP,48,Applovin Corporation Class A Common Stock,Technology
PM,63,Philip Morris International Inc Common Stock,Consumer Non-Durables
SKIN,12,The Beauty Health Company Class A Common Stock,
BB,63,BlackBerry Limited Common Stock,
FUN,75,Cedar Fair L.P. Common Stock,Consumer Services
LIFE,177,aTyr Pharma Inc. Common Stock,Health Care
UWMC,513,UWM Holdings Corporation Class A Common Stock,
LIVE,114,Live Ventures Incorporated Common Stock,Capital Goods
OPEN,225,Opendoor Technologies Inc Common Stock,Finance
COLD,48,Americold Realty Trust Common Shares,Finance
MIT,6,Mason Industrial Technology Inc. Class A Common Stock,
FLOW,180,SPX FLOW Inc. Common Stock,Capital Goods
WORK,237,Slack Technologies Inc. Class A Common Stock,Technology
VIEW,57,View Inc. Class A Common Stock,
RUN,204,Sunrun Inc. Common Stock,Capital Goods
CORE,78,Core Mark Holding Co Inc Common Stock,Consumer Non-Durables
ABT,6,Abbott Laboratories Common Stock,Health Care
AMD,87,Advanced Micro Devices Inc. Common Stock,Technology
GROW,144,U.S. Global Investors Inc. Class A Common Stock,Finance
TSM,36,Taiwan Semiconductor Manufacturing Company Ltd.,Technology
SU,15,Suncor Energy  Inc. Common Stock,
KEY,135,KeyCorp Common Stock,Finance
SHIP,12,Seanergy Maritime Holdings Corp Common Stock,
FORM,90,FormFactor Inc. FormFactor Inc. Common Stock,Technology
HEAR,90,Turtle Beach Corporation Common Stock,Consumer Non-Durables
EAST,42,Eastside Distilling Inc. Common Stock,Consumer Non-Durables
FAST,66,Fastenal Company Common Stock,
DUDE,18,Merlyn.AI SectorSurfer Momentum ETF,
COST,255,Costco Wholesale Corporation Common Stock,Consumer Services
EW,24,Edwards Lifesciences Corporation Common Stock,Health Care
HUGE,324,FSD Pharma Inc. Class B Subordinate Voting Shares,
LOVE,156,The Lovesac Company Common Stock,
PLTR,366,Palantir Technologies Inc. Class A Common Stock,Technology
REAL,396,The RealReal Inc. Common Stock,Consumer Services
RIDE,72,Lordstown Motors Corp. Class A Common Stock,Capital Goods
TH,288,Target Hospitality Corp. Common Stock,Energy
COG,6,Cabot Oil & Gas Corporation Common Stock,Energy
CUZ,27,Cousins Properties Incorporated Common Stock,Consumer Services
MSFT,45,Microsoft Corporation Common Stock,Technology
TURN,117,180 Degree Capital Corp. Common Stock,Finance
PH,6,Parker-Hannifin Corporation Common Stock,Capital Goods
CLOV,264,Clover Health Investments Corp. Class A Common Stock,Health Care
FLY,48,Fly Leasing Limited,Technology
DIS,27,Walt Disney Company (The) Common Stock,Consumer Services
COIN,54,Coinbase Global Inc. Class A Common Stock,Technology
HES,99,Hess Corporation Common Stock,Energy
SAFE,114,Safehold Inc. Common Stock,Consumer Services
TSLA,156,Tesla Inc. Common Stock,Capital Goods
LINK,84,Interlink Electronics Inc. Common Stock,Capital Goods
MMS,27,Maximus Inc. Common Stock,Miscellaneous
D,57,Dominion Energy Inc. Common Stock,Public Utilities
V,45,Visa Inc.,Miscellaneous
EYE,48,National Vision Holdings Inc. Common Stock,Health Care
MAN,87,ManpowerGroup Common Stock,Technology
SITE,30,SiteOne Landscape Supply Inc. Common Stock,
C,159,Citigroup Inc. Common Stock,Finance
MAIN,105,Main Street Capital Corporation Common Stock,Finance
RAIN,9,Rain Therapeutics Inc. Common Stock,Health Care
ICE,24,Intercontinental Exchange Inc. Common Stock,
POST,528,Post Holdings Inc. Common Stock,Consumer Non-Durables
AMZN,33,Amazon.com Inc. Common Stock,Consumer Services
ZM,6,Zoom Video Communications Inc. Class A Common Stock,Consumer Services
SHOP,30,Shopify Inc. Class A Subordinate Voting Shares,
TRIP,21,TripAdvisor Inc. Common Stock,
MNMD,12,Mind Medicine (MindMed) Inc. Subordinate Voting Shares,
SAVE,51,Spirit Airlines Inc. Common Stock,Transportation
EDIT,93,Editas Medicine Inc. Common Stock,Health Care
STEP,21,StepStone Group Inc. Class A Common Stock,Finance
FIVE,54,Five Below Inc. Common Stock,Consumer Services
PEAK,84,Healthpeak Properties Inc. Common Stock,Consumer Services
GLAD,15,Gladstone Capital Corporation Common Stock,Finance
EYES,33,Second Sight Medical Products Inc. Common Stock,Health Care
BABA,66,Alibaba Group Holding Limited American Depositary Shares each representing eight Ordinary share,Consumer Services
AGO,174,Assured Guaranty Ltd. Common Stock,Finance
ATH,42,Athene Holding Ltd. Class A Common Shares,Finance
KO,15,Coca-Cola Company (The) Common Stock,Consumer Non-Durables
AAPL,75,Apple Inc. Common Stock,Technology
GOOGL,9,Alphabet Inc. Class A Common Stock,Technology
ADS,27,Alliance Data Systems Corporation Common Stock,Finance
COKE,12,Coca-Cola Consolidated Inc. Common Stock,Consumer Non-Durables
AGE,60,AgeX Therapeutics Inc. Common Stock,Health Care
PLAN,162,Anaplan Inc. Common Stock,Technology
MED,6,MEDIFAST INC Common Stock,Miscellaneous
SUP,15,Superior Industries International Inc. Common Stock (DE),Capital Goods
MA,129,Mastercard Incorporated Common Stock,Miscellaneous
CMS,42,CMS Energy Corporation Common Stock,Public Utilities
TELL,96,Tellurian Inc. Common Stock,Energy
NIO,27,NIO Inc. American depositary shares each  representing one Class A ordinary share,Finance
NRG,18,NRG Energy Inc. Common Stock,Public Utilities
SPOT,93,Spotify Technology S.A. Ordinary Shares,Consumer Services
FUND,153,Sprott Focus Trust Inc. Common Stock,
SKY,12,Skyline Champion Corporation Common Stock,Basic Industries
FUSE,6,Fusion Acquisition Corp. Class A Common Stock,
GM,12,General Motors Company Common Stock,Capital Goods
CAR,45,Avis Budget Group Inc. Common Stock,Miscellaneous
M,669,Macy's Inc Common Stock,Consumer Services
X,321,United States Steel Corporation Common Stock,Basic Industries
LOAN,108,Manhattan Bridge Capital Inc,Consumer Services
OC,15,Owens Corning Inc Common Stock New,
RDFN,18,Redfin Corporation Common Stock,Finance
AC,102,Associated Capital Group Inc. Common Stock,Finance
DCF,27,BNY Mellon Alcentra Global Credit Income 2024 Target Term Fund Inc. Common Stock,
PLUS,57,ePlus inc. Common Stock,Technology
SAN,9,Banco Santander S.A. Sponsored ADR (Spain),Finance
JOB,81,GEE Group Inc. Common Stock,Technology
FDS,27,FactSet Research Systems Inc. Common Stock,Technology
HALL,9,Hallmark Financial Services Inc. Common Stock,Finance
CCL,9,Carnival Corporation Common Stock,
SAIL,6,SailPoint Technologies Holdings Inc. Common Stock,Technology
COOL,48,Corner Growth Acquisition Corp. Class A Ordinary Shares,Finance
LEAP,18,Ribbit LEAP Ltd. Class A Ordinary Shares,Finance
OGS,15,ONE Gas Inc. Common Stock,Public Utilities
PAR,9,PAR Technology Corporation Common Stock,Technology
TEAM,93,Atlassian Corporation Plc Class A Ordinary Shares,Technology
GOLD,234,Barrick Gold Corporation Common Stock (BC),
ROLL,30,RBC Bearings Incorporated Common Stock,Capital Goods
MAT,78,Mattel Inc. Common Stock,Consumer Non-Durables
KEN,9,Kenon Holdings Ltd. Ordinary Shares,Public Utilities
TIL,6,Instil Bio Inc. Common Stock,Health Care
RIOT,18,Riot Blockchain Inc.  Common Stock ,Technology
LMAO,18,LMF Acquisition Opportunities Inc. Class A common stock,
JAN,84,JanOne Inc. Common Stock (NV),Public Utilities
DOW,51,Dow Inc. Common Stock ,Basic Industries
FORTY,6,Formula Systems (1985) Ltd. American Depositary Shares,Technology
MARK,48,Remark Holdings Inc. Common Stock,Consumer Services
WING,6,Wingstop Inc. Common Stock,Consumer Services
PACE,21,TPG Pace Tech Opportunities Corp. Class A Ordinary Shares,Finance
FAIL,45,Cambria ETF Trust Cambria Global Tail Risk ETF,
FREE,225,Whole Earth Brands Inc. Class A Common Stock,Miscellaneous
BSY,6,Bentley Systems Incorporated Class B Common Stock,Technology
TEN,45,Tenneco Inc. Class A Voting Common Stock,Capital Goods
MARA,18,Marathon Digital Holdings Inc. Common Stock,Finance
MVIS,60,MicroVision Inc. Common Stock,Capital Goods
OCGN,6,Ocugen Inc. Common Stock,Health Care
NOK,87,Nokia Corporation Sponsored American Depositary Shares,Technology
EFT,6,Eaton Vance Floating Rate Income Trust Common Shares of Beneficial Interest,
CARG,6,CarGurus Inc. Class A Common Stock ,
NFLX,12,Netflix Inc. Common Stock,Consumer Services
CO,36,Global Cord Blood Corporation Common Stock,Health Care
MTG,6,MGIC Investment Corporation Common Stock,Finance
RBLX,24,Roblox Corporation Class A Common Stock,Technology
F,36,Ford Motor Company Common Stock,Capital Goods
RSI,102,Rush Street Interactive Inc. Class A Common Stock,Consumer Services
FICO,6,Fair Isaac Corproation Common Stock,Technology
ID,225,PARTS iD Inc. Class A Common Stock,Miscellaneous
MIND,87,MIND Technology Inc. Common Stock (DE),Capital Goods
DTE,9,DTE Energy Company Common Stock,Public Utilities
HI,36,Hillenbrand Inc Common Stock,Miscellaneous
VG,60,Vonage Holdings Corp. Common Stock,Public Utilities
CARS,48,Cars.com Inc. Common Stock ,
CCS,33,Century Communities Inc. Common Stock,Capital Goods
MASS,36,908 Devices Inc. Common Stock,Health Care
LEAF,6,Leaf Group Ltd. Common Stock,Technology
PLUG,81,Plug Power Inc. Common Stock,Consumer Durables
BILL,84,Bill.com Holdings Inc. Common Stock,Technology
DGX,42,Quest Diagnostics Incorporated Common Stock,Health Care
DDS,21,Dillard's Inc. Common Stock,Consumer Services
BLUE,72,bluebird bio Inc. Common Stock,Health Care
LH,6,Laboratory Corporation of America Holdings Common Stock,Health Care
CAKE,15,Cheesecake Factory Incorporated (The) Common Stock,Consumer Services
ASR,12,Grupo Aeroportuario del Sureste S.A. de C.V. Common Stock,Transportation
ROCK,18,Gibraltar Industries Inc. Common Stock,
ALLY,6,Ally Financial Inc. Common Stock,Finance
ST,87,Sensata Technologies Holding plc Ordinary Shares,Capital Goods
NEM,12,Newmont Corporation,Basic Industries
GDP,48,Goodrich Petroleum Corporation Common Stock,Energy
YY,27,JOYY Inc. American Depositary Shares,Technology
TRN,24,Trinity Industries Inc. Common Stock,Capital Goods
III,27,Information Services Group Inc. Information Services Group Inc. Common Stock,Technology
ROAD,6,Construction Partners Inc. Class A Common Stock,Capital Goods
HR,12,Healthcare Realty Trust Incorporated Common Stock,Consumer Services
MAX,27,MediaAlpha Inc. Class A Common Stock,Capital Goods
MAC,12,Macerich Company (The) Common Stock,Consumer Services
EAT,42,Brinker International Inc. Common Stock,Consumer Services
WISH,69,ContextLogic Inc. Class A Common Stock,Capital Goods
BBW,6,Build-A-Bear Workshop Inc. Common Stock,Consumer Services
PROS,21,ProSight Global Inc. Common Stock,Finance
INFO,54,IHS Markit Ltd. Common Shares,Technology
INO,204,Inovio Pharmaceuticals Inc. Common Stock,Health Care
ET,219,Energy Transfer LP Common Units ,Public Utilities
T,45,AT&T Inc.,Consumer Services
UK,27,Ucommune International Ltd Ordinary Shares,Miscellaneous
PATH,18,UiPath Inc. Class A Common Stock,Technology
ARRY,12,Array Technologies Inc. Common Stock,Technology
NI,30,NiSource Inc Common Stock,Public Utilities
ASO,96,Academy Sports and Outdoors Inc. Common Stock,Consumer Non-Durables
PRO,18,PROS Holdings Inc. Common Stock,Technology
AR,12,Antero Resources Corporation Common Stock,Energy
SON,9,Sonoco Products Company Common Stock,Basic Industries
BOX,18,Box Inc. Class A Common Stock,Technology
KIDS,36,OrthoPediatrics Corp. Common Stock,Health Care
HAE,6,Haemonetics Corporation Common Stock,Health Care
AI,102,C3.ai Inc. Class A Common Stock,Technology
NINE,15,Nine Energy Service Inc. Common Stock,Energy
NYT,6,New York Times Company (The) Common Stock,Consumer Services
FLIR,12,FLIR Systems Inc. (DE) Common Stock,Capital Goods
FAF,6,First American Corporation (New) Common Stock,Finance
LAWS,18,Lawson Products Inc. Common Stock,Capital Goods
AIR,27,AAR Corp. Common Stock,Capital Goods
LMT,12,Lockheed Martin Corporation Common Stock,Capital Goods
RTX,12,Raytheon Technologies Corporation Common Stock,Capital Goods
BA,21,Boeing Company (The) Common Stock,Capital Goods
CRSP,6,CRISPR Therapeutics AG Common Shares,Health Care
AFRM,18,Affirm Holdings Inc. Class A Common Stock,Technology
ANTE,12,AirNet Technology Inc. American Depositary Shares,Technology
VEL,30,Velocity Financial Inc. Common Stock,Finance
LEO,33,BNY Mellon Strategic Municipals Inc. Common Stock,
SEM,24,Select Medical Holdings Corporation Common Stock,Health Care
POOL,63,Pool Corporation Common Stock,Consumer Non-Durables
EMP,6,Entergy Mississippi LLC First Mortgage Bonds 4.90% Series Due October 1 2066,
DMTK,6,DermTech Inc. Common Stock,Health Care
CRY,18,CryoLife Inc. Common Stock,Health Care
UBS,18,UBS Group AG Registered Ordinary Shares,Finance
R,24,Ryder System Inc. Common Stock,Miscellaneous
IBM,9,International Business Machines Corporation Common Stock,Technology
ALEX,24,Alexander & Baldwin Inc. Common Stock REIT Holding Company,Consumer Services
OSCR,6,Oscar Health Inc. Class A Common Stock,Finance
UNH,6,UnitedHealth Group Incorporated Common Stock (DE),Health Care
HUM,6,Humana Inc. Common Stock,Health Care
OI,33,O-I Glass Inc. Common Stock,Consumer Durables
RAMP,18,LiveRamp Holdings Inc. Common Stock,Technology
FN,6,Fabrinet Ordinary Shares,Public Utilities
SWN,12,Southwestern Energy Company Common Stock,Energy
NG,18,Novagold Resources Inc.,
TCF,6,TCF Financial Corporation Common Stock,Finance
NAT,12,Nordic American Tankers Limited Common Stock,Transportation
LNG,18,Cheniere Energy Inc. Common Stock,Public Utilities
SELF,24,Global Self Storage Inc. Common Stock,Consumer Services
SKLZ,21,Skillz Inc. Class A Common Stock,Technology
GRAY,6,Graybug Vision Inc. Common Stock,Health Care
UBER,21,Uber Technologies Inc. Common Stock,Technology
TA,30,TravelCenters of America Inc. Common Stock,Consumer Services
CLF,15,Cleveland-Cliffs Inc. Common Stock,
FUBO,33,fuboTV Inc. Common Stock,Consumer Services
MO,6,Altria Group Inc.,Consumer Non-Durables
ONTO,30,Onto Innovation Inc. Common Stock,Technology
ROKU,9,Roku Inc. Class A Common Stock,Consumer Services
DKNG,36,DraftKings Inc. Class A Common Stock,Consumer Services
IHRT,6,iHeartMedia Inc. Class A Common Stock,Consumer Services
LAND,51,Gladstone Land Corporation Common Stock,Consumer Services
FB,15,Facebook Inc. Class A Common Stock,Technology
RKT,285,Rocket Companies Inc. Class A Common Stock,Finance
THO,6,Thor Industries Inc. Common Stock,Consumer Non-Durables
TRQ,6,Turquoise Hill Resources Ltd. Ordinary Shares,
RIO,6,Rio Tinto Plc Common Stock,Basic Industries
IMO,39,Imperial Oil Limited Common Stock,
TS,6,Tenaris S.A. American Depositary Shares,Basic Industries
MET,15,MetLife Inc. Common Stock,Finance
LDI,6,loanDepot Inc. Class A Common Stock,Finance
LAZY,15,Lazydays Holdings Inc. Common Stock,Consumer Services
SVC,12,Service Properties Trust Common Stock,Consumer Services
H,21,Hyatt Hotels Corporation Class A Common Stock,Consumer Services
BAK,6,Braskem SA ADR,Basic Industries
VIAC,81,ViacomCBS Inc. Class B Common Stock,Consumer Services
ENPH,12,Enphase Energy Inc. Common Stock,Capital Goods
CLNE,36,Clean Energy Fuels Corp. Common Stock,Public Utilities
RH,30,RH Common Stock,Consumer Services
PRPL,9,Purple Innovation Inc. Common Stock,Consumer Durables
GOLF,12,Acushnet Holdings Corp. Common Stock,Consumer Non-Durables
ISLE,6,Isleworth Healthcare Acquisition Corporation Common stock,
BNGO,24,Bionano Genomics Inc. Common Stock,Capital Goods
APD,6,Air Products and Chemicals Inc. Common Stock,Basic Industries
FORD,9,Forward Industries Inc. Common Stock,
PSA,6,Public Storage Common Stock,Consumer Services
DAN,24,Dana Incorporated Common Stock ,Capital Goods
TXT,6,Textron Inc. Common Stock,Capital Goods
SM,6,SM Energy Company Common Stock,Energy
PB,27,Prosperity Bancshares Inc. Common Stock,Finance
ACB,54,Aurora Cannabis Inc. Common Shares,
FAT,27,FAT Brands Inc. Common Stock,Consumer Services
TLRY,24,Tilray Inc. Class 2 Common Stock,Consumer Durables
SNAP,18,Snap Inc. Class A Common Stock,Technology
CBD,6,Companhia Brasileira de Distribuicao American Depsitary Shares; each representing one Common Share,Consumer Services
VFF,6,Village Farms International Inc. Common Shares,
AIM,9,AIM ImmunoTech Inc. Common Stock,Health Care
VZIO,12,VIZIO Holding Corp. Class A Common Stock,Consumer Non-Durables
NUE,21,Nucor Corporation Common Stock,Basic Industries
RAIL,9,FreightCar America Inc. Common Stock,Capital Goods
MT,18,Arcelor Mittal NY Registry Shares NEW,Basic Industries
STLD,6,Steel Dynamics Inc.,Basic Industries
IFF,18,Internationa Flavors & Fragrances Inc. Common Stock,Basic Industries
RXT,6,Rackspace Technology Inc. Common Stock,Technology
NYC,9,New York City REIT Inc. Class A Common Stock,Consumer Services
SEAS,6,SeaWorld Entertainment Inc. Common Stock,Consumer Services
MIN,24,MFS Intermediate Income Trust Common Stock,
TWTR,18,Twitter Inc. Common Stock,Technology
LOCO,6,El Pollo Loco Holdings Inc. Common Stock,Consumer Services
ED,6,Consolidated Edison Inc. Common Stock,Public Utilities
SIX,21,Six Flags Entertainment Corporation New Common Stock,Consumer Services
BAND,24,Bandwidth Inc. Class A Common Stock,Technology
HMC,6,Honda Motor Company Ltd. Common Stock,Capital Goods
HOG,12,Harley-Davidson Inc. Common Stock,Consumer Non-Durables
PII,6,Polaris Inc. Common Stock,Consumer Non-Durables
DKS,6,Dick's Sporting Goods Inc Common Stock,Consumer Services
QUAD,12,Quad Graphics Inc Class A Common Stock,Consumer Services
PUMP,6,ProPetro Holding Corp. Common Stock,Energy
BTU,18,Peabody Energy Corporation Common Stock ,Energy
USA,39,Liberty All-Star Equity Fund Common Stock,
MSTR,24,MicroStrategy Incorporated Common Stock Class A,Technology
NNDM,6,Nano Dimension Ltd. American Depositary Shares,Technology
QCOM,30,QUALCOMM Incorporated Common Stock,Technology
G,243,Genpact Limited Common Stock,Consumer Services
TOWN,18,TowneBank Common Stock,
GEVO,66,Gevo Inc. Common Stock,Health Care
JOE,6,St. Joe Company (The) Common Stock,Consumer Services
AUTO,39,AutoWeb Inc. Common Stock,Miscellaneous
UPST,54,Upstart Holdings Inc. Common stock,Finance
IR,9,Ingersoll Rand Inc. Common Stock,Capital Goods
SNP,6,China Petroleum & Chemical Corporation Common Stock,Energy
PENN,36,Penn National Gaming Inc. Common Stock,Consumer Services
TLC,6,Taiwan Liposome Company Ltd. American Depository Shares,Health Care
SEB,6,Seaboard Corporation Common Stock,
RACE,6,Ferrari N.V. Common Shares,Capital Goods
DE,9,Deere & Company Common Stock,Capital Goods
FOUR,18,Shift4 Payments Inc. Class A Common Stock,Technology
SGA,15,Saga Communications Inc. Class A Common Stock (FL),Consumer Services
OM,18,Outset Medical Inc. Common Stock,Health Care
MN,12,Manning & Napier Inc. Class A Common Stock,Finance
EARN,9,Ellington Residential Mortgage REIT Common Shares of Beneficial Interest,Consumer Services
CMD,12,Cantel Medical Corp. Common Stock,Health Care
GL,3,Globe Life Inc. Common Stock,Finance
SDC,9,SmileDirectClub Inc. Class A Common Stock,Health Care
WOW,9,WideOpenWest Inc. Common Stock,Consumer Services
Z,3,Zillow Group Inc. Class C Capital Stock,Miscellaneous
Y,18,Alleghany Corporation Common Stock,Finance
HUYA,18,HUYA Inc. American depositary shares each  representing one Class A ordinary share,Consumer Services
TV,21,Grupo Televisa S.A. Common Stock,Consumer Services
DOX,54,Amdocs Limited Ordinary Shares,Technology
HSBC,3,HSBC Holdings plc. Common Stock,Finance
MAS,3,Masco Corporation Common Stock,Capital Goods
WIFI,3,Boingo Wireless Inc. Common Stock,Consumer Services
AKAM,3,Akamai Technologies Inc. Common Stock,Miscellaneous
CIEN,3,Ciena Corporation Common Stock,Public Utilities
CTXS,3,Citrix Systems Inc. Common Stock,Technology
CTSH,3,Cognizant Technology Solutions Corporation Class A Common Stock,Technology
DOOR,15,Masonite International Corporation Ordinary Shares (Canada),
BKR,9,Baker Hughes Company Class A Common Stock,Energy
SUM,15,Summit Materials Inc. Class A Common Stock,Capital Goods
IBKR,3,Interactive Brokers Group Inc. Class A Common Stock,Finance
NNOX,3,NANO-X IMAGING LTD Ordinary Shares,Health Care
KKR,27,KKR & Co. Inc. Common Stock,Finance
KKRS,3,KKR Group Finance Co. IX LLC 4.625% Subordinated Notes due 2061,
JMIA,6,Jumia Technologies AG American Depositary Shares each representing two Ordinary Shares,Consumer Services
XPEV,6,XPeng Inc. American depositary shares each representing two Class A ordinary shares,Capital Goods
SPCE,21,Virgin Galactic Holdings Inc. Common Stock,
QS,18,QuantumScape Corporation Class A Common Stock,Capital Goods
SNDL,15,Sundial Growers Inc. Common Shares,
FLUX,6,Flux Power Holdings Inc. Common Stock,Capital Goods
ALOT,6,AstroNova Inc. Common Stock,Technology
VLDR,3,Velodyne Lidar Inc. Common Stock,Capital Goods
LAZR,12,Luminar Technologies Inc.  Class A Common Stock,Technology
PSFE,15,Paysafe Limited Common Shares,Miscellaneous
CAI,6,CAI International Inc. Common Stock,Technology
JNJ,6,Johnson & Johnson Common Stock,Health Care
WKHS,6,Workhorse Group Inc. Common Stock,Capital Goods
FCEL,9,FuelCell Energy Inc. Common Stock,Public Utilities
LEE,6,Lee Enterprises Incorporated Common Stock,Consumer Services
BBQ,6,BBQ Holdings Inc. Common Stock,Consumer Services
TSN,6,Tyson Foods Inc. Common Stock,Consumer Non-Durables
DT,3,Dynatrace Inc. Common Stock,Technology
KIM,9,Kimco Realty Corporation Common Stock,Consumer Services
MGM,12,MGM Resorts International Common Stock,Consumer Services
BLNK,12,Blink Charging Co. Common Stock,Miscellaneous
NKLA,3,Nikola Corporation Common Stock,Capital Goods
BLDP,3,Ballard Power Systems Inc. Common Shares,
SQ,21,Square Inc. Class A Common Stock,Technology
TX,6,Ternium S.A. Ternium S.A. American Depositary Shares (each representing ten shares USD1.00 par value),Basic Industries
FL,3,Foot Locker Inc.,Consumer Services
HRTX,3,Heron Therapeutics Inc. Common Stock,Consumer Durables
CRL,6,Charles River Laboratories International Inc. Common Stock,Consumer Services
CMPS,3,COMPASS Pathways Plc American Depository Shares,Health Care
UAL,3,United Airlines Holdings Inc. Common Stock,Transportation
MESA,3,Mesa Air Group Inc. Common Stock,Transportation
TD,15,Toronto Dominion Bank (The) Common Stock,
MCD,3,McDonald's Corporation Common Stock,Consumer Services
VET,9,Vermilion Energy Inc. Common (Canada),
XOM,3,Exxon Mobil Corporation Common Stock,Energy
COP,12,ConocoPhillips Common Stock,Energy
CNQ,3,Canadian Natural Resources Limited Common Stock,
PTON,27,Peloton Interactive Inc. Class A Common Stock,Consumer Services
EPD,3,Enterprise Products Partners L.P. Common Stock,Public Utilities
CS,12,Credit Suisse Group American Depositary Shares,Finance
MRNA,15,Moderna Inc. Common Stock,Health Care
EARS,18,Auris Medical Holding Ltd. Common Shares 0.01 SF (Bermuda),Health Care
AG,9,First Majestic Silver Corp. Ordinary Shares (Canada),
OG,3,Onion Global Limited American Depositary Shares (each ten (10) ADSs representing one (1) Class A Ordinary Share),
FT,9,Franklin Universal Trust Common Stock,
RE,6,Everest Re Group Ltd. Common Stock,Finance
AA,6,Alcoa Corporation Common Stock ,Basic Industries
TAP,9,Molson Coors Beverage Company Class B Common Stock,Consumer Non-Durables
U,12,Unity Software Inc. Common Stock,Technology
REGN,6,Regeneron Pharmaceuticals Inc. Common Stock,Health Care
THQ,3,Tekla Healthcare Opportunies Fund Shares of Beneficial Interest,
PD,15,PagerDuty Inc. Common Stock,Technology
MD,6,Mednax Inc. Common Stock,Health Care
E,9,ENI S.p.A. Common Stock,Energy
MG,3,Mistras Group Inc Common Stock,Miscellaneous
VZ,18,Verizon Communications Inc. Common Stock,Public Utilities
TMUS,6,T-Mobile US Inc. Common Stock,Public Utilities
CHTR,3,Charter Communications Inc. Class A Common Stock New,Consumer Services
GPM,3,Guggenheim Enhanced Equity Income Fund,
FIX,12,Comfort Systems USA Inc. Common Stock,Capital Goods
LI,6,Li Auto Inc. American Depositary Shares,Capital Goods
CRH,18,CRH PLC American Depositary Shares,Capital Goods
EMR,6,Emerson Electric Company Common Stock,Capital Goods
WY,12,Weyerhaeuser Company Common Stock,Consumer Services
ACRE,6,Ares Commercial Real Estate Corporation Common Stock,Consumer Services
API,6,Agora Inc. American Depositary Shares,Technology
APR,39,Apria Inc. Common Stock,Health Care
MAR,24,Marriott International Class A Common Stock,Consumer Services
RIG,6,Transocean Ltd (Switzerland) Common Stock,Energy
LEV,3,The Lion Electric Company Common Shares,
APPS,21,Digital Turbine Inc. Common Stock,Technology
IRL,3,New Ireland Fund Inc (The) Common Stock,
FARM,6,Farmer Brothers Company Common Stock,Consumer Non-Durables
W,9,Wayfair Inc. Class A Common Stock,Consumer Services
EDR,3,Endeavor Group Holdings Inc. Class A Common Stock,Consumer Services
MCR,3,MFS Charter Income Trust Common Stock,
NAV,6,Navistar International Corporation Common Stock,Capital Goods
WASH,6,Washington Trust Bancorp Inc. Common Stock,Finance
RARE,24,Ultragenyx Pharmaceutical Inc. Common Stock,Health Care
SWKS,6,Skyworks Solutions Inc. Common Stock,Technology
SLAB,3,Silicon Laboratories Inc. Common Stock,Technology
IPOD,3,Social Capital Hedosophia Holdings Corp. IV Class A Ordinary Shares,Finance
CI,3,Cigna Corporation Common Stock,Health Care
NOV,3,NOV Inc. Common Stock,Energy
REV,3,Revlon Inc. New Common Stock,Consumer Non-Durables
LUNG,3,Pulmonx Corporation Common Stock,Health Care
RY,3,Royal Bank Of Canada Common Stock,
BR,3,Broadridge Financial Solutions Inc.Common Stock,Miscellaneous
BG,3,Bunge Limited Bunge Limited,Basic Industries
TEX,6,Terex Corporation Common Stock,Capital Goods
TDOC,9,Teladoc Health Inc. Common Stock,Health Care
UI,3,Ubiquiti Inc. Common Stock,Technology
VIACA,3,ViacomCBS Inc. Class A Common Stock,Consumer Services
CHPT,3,ChargePoint Holdings Inc. Common Stock,Consumer Services
GUT,3,Gabelli Utility Trust (The) Common Stock,
XL,3,XL Fleet Corp. Class A Common Stock,Capital Goods
GOTU,6,GSX Techedu Inc. American Depositary Shares,
PFE,9,Pfizer Inc. Common Stock,Health Care
AMT,6,American Tower Corporation (REIT) Common Stock,Finance
PNC,6,PNC Financial Services Group Inc. (The) Common Stock,Finance
SFIX,6,Stitch Fix Inc. Class A Common Stock,Consumer Services
TTD,6,The Trade Desk Inc. Class A Common Stock,Technology
GDRX,9,GoodRx Holdings Inc. Class A Common Stock,Technology
FCF,9,First Commonwealth Financial Corporation Common Stock,Finance
ABNB,18,Airbnb Inc. Class A Common Stock,Capital Goods
GE,15,General Electric Company Common Stock,Consumer Durables
SBUX,3,Starbucks Corporation Common Stock,
PAYS,15,Paysign Inc. Common Stock,Finance
ERJ,6,Embraer S.A. Common Stock,Capital Goods
SEED,3,Origin Agritech Limited Common Stock,
EXPE,6,Expedia Group Inc. Common Stock,Transportation
ALGN,6,Align Technology Inc. Common Stock,Health Care
CVX,6,Chevron Corporation Common Stock,Energy
TSCO,6,Tractor Supply Company Common Stock,Consumer Services
KMI,9,Kinder Morgan Inc. Common Stock,Public Utilities
GS,6,Goldman Sachs Group Inc. (The) Common Stock,Finance
PINS,9,Pinterest Inc. Class A Common Stock,
BMBL,6,Bumble Inc. Class A Common Stock,Technology
EGHT,9,8x8 Inc Common Stock,Technology
MDB,6,MongoDB Inc. Class A Common Stock,Technology
PCG,6,Pacific Gas & Electric Co. Common Stock,Public Utilities
DASH,9,DoorDash Inc. Class A Common Stock,Capital Goods
GRUB,6,GrubHub Inc. Common Stock,Miscellaneous
BYND,6,Beyond Meat Inc. Common Stock,Consumer Non-Durables
COUR,6,Coursera Inc. Common Stock,Miscellaneous
HEP,6,Holly Energy Partners L.P. Common Stock,
CSCO,6,Cisco Systems Inc. Common Stock (DE),Technology
PLNT,6,Planet Fitness Inc. Common Stock,Consumer Services
WMT,6,Walmart Inc. Common Stock,Consumer Services
ADT,6,ADT Inc. Common Stock,Consumer Services
TW,6,Tradeweb Markets Inc. Class A Common Stock,Finance
COF,9,Capital One Financial Corporation Common Stock,Finance
NOC,6,Northrop Grumman Corporation Common Stock,Miscellaneous
ADM,6,Archer-Daniels-Midland Company Common Stock,
AAL,12,American Airlines Group Inc. Common Stock,Transportation
WHR,9,Whirlpool Corporation Common Stock,Consumer Durables
SOLO,3,Electrameccanica Vehicles Corp. Ltd. Common Stock,Capital Goods
CVS,9,CVS Health Corporation Common Stock,Health Care
CRM,6,Salesforce.com Inc Common Stock,Technology
FATE,3,Fate Therapeutics Inc. Common Stock,Health Care
LUMN,3,Lumen Technologies Inc. Common Stock,Public Utilities
ROOT,3,Root Inc. Class A Common Stock,Finance
CGAU,6,Centerra Gold Inc. Common Shares,
LAKE,3,Lakeland Industries Inc. Common Stock,
NGL,3,NGL ENERGY PARTNERS LP Common Units representing Limited Partner Interests,
LPG,3,Dorian LPG Ltd. Common Stock,Transportation
COTY,6,Coty Inc. Class A Common Stock,Consumer Non-Durables
SBH,3,Sally Beauty Holdings Inc. (Name to be changed from Sally Holdings Inc.) Common Stock,Miscellaneous
FUTU,3,Futu Holdings Limited American Depositary Shares,Finance
CL,3,Colgate-Palmolive Company Common Stock,Consumer Non-Durables
JPM,6,JP Morgan Chase & Co. Common Stock,Finance
ANDA,3,Andina Acquisition Corp. III Ordinary Shares,Finance
RBC,3,Regal Beloit Corporation Common Stock,Consumer Durables
CD,30,Chindata Group Holdings Limited American Depositary Shares,Finance
O,12,Realty Income Corporation Common Stock,Consumer Services
CCI,6,Crown Castle International Corp. (REIT) Common Stock,
TGT,6,Target Corporation Common Stock,Consumer Services
EXPI,3,eXp World Holdings Inc. Common Stock,Finance
PAI,3,Western Asset Investment Grade Income Fund Inc.,
GOOG,3,Alphabet Inc. Class C Capital Stock,Technology
CAL,3,Caleres Inc. Common Stock,Consumer Non-Durables
VOD,3,Vodafone Group Plc American Depositary Shares,Public Utilities
MOMO,6,Momo Inc. American Depositary Shares,Technology
MEG,3,Montrose Environmental Group Inc. Common Stock,
RC,3,Ready Capital Corproation Common Stock,Consumer Services
EHTH,39,eHealth Inc. Common Stock,Finance
HIG,33,Hartford Financial Services Group Inc. (The) Common Stock,Finance
CAC,9,Camden National Corporation Common Stock,Finance
WM,3,Waste Management Inc. Common Stock,Public Utilities
RGEN,3,Repligen Corporation Common Stock,Health Care
AL,3,Air Lease Corporation Class A Common Stock,Technology
HAYW,6,Hayward Holdings Inc. Common Stock,Technology
LESL,15,Leslie's Inc. Common Stock,Consumer Services
SWIM,3,Latham Group Inc. Common Stock,Capital Goods
BC,3,Brunswick Corporation Common Stock,Consumer Non-Durables
FLGT,12,Fulgent Genetics Inc. Common Stock,Health Care
SABR,3,Sabre Corporation Common Stock,Technology
TPR,6,Tapestry Inc. Common Stock,Consumer Non-Durables
UNFI,6,United Natural Foods Inc. Common Stock,Consumer Non-Durables
CCJ,3,Cameco Corporation Common Stock,
EQT,3,EQT Corporation Common Stock,Energy
FCX,3,Freeport-McMoRan Inc. Common Stock,Basic Industries
PYPL,3,PayPal Holdings Inc. Common Stock,Miscellaneous
INTC,3,Intel Corporation Common Stock,Technology
CF,3,CF Industries Holdings Inc. Common Stock,Basic Industries
LB,21,L Brands Inc.,Consumer Services
LOOP,12,Loop Industries Inc. Common Stock,
ACH,3,Aluminum Corporation of China Limited American Depositary Shares,Basic Industries
EL,6,Estee Lauder Companies Inc. (The) Common Stock,Consumer Non-Durables
FURY,3,Fury Gold Mines Limited Common Shares,
NVDA,3,NVIDIA Corporation Common Stock,Technology
ERIC,21,Ericsson American Depositary Shares,Technology
KNSA,3,Kiniksa Pharmaceuticals Ltd. Class A Common Stock,Health Care
CME,3,CME Group Inc. Class A Common Stock,
BITE,3,Bite Acquisition Corp. Common Stock,
FR,3,First Industrial Realty Trust Inc. Common Stock,Consumer Services
ASTS,30,AST SpaceMobile Inc. Class A Common Stock,Consumer Services
VC,3,Visteon Corporation Common Stock,Capital Goods
BW,6,Babcock & Wilcox Enterprises Inc. Common Stock,Capital Goods
IP,6,International Paper Company Common Stock,Basic Industries
WTI,6,W&T Offshore Inc. Common Stock,Energy
BCX,3,BlackRock Resources Common Shares of Beneficial Interest,Finance
AMRS,3,Amyris Inc. Common Stock,Basic Industries
AYX,9,Alteryx Inc. Class A Common Stock,Technology
ARR,9,ARMOUR Residential REIT Inc.,Consumer Services
CDE,3,Coeur Mining Inc. Common Stock,Basic Industries
BTX,3,Brooklyn ImmunoTherapeutics Inc. Common Stock,
RICE,6,Rice Acquisition Corp. Class A Common Stock,
EXPR,3,Express Inc. Common Stock,
PCT,6,PureCycle Technologies Inc. Common stock,Public Utilities
CHEF,3,The Chefs' Warehouse Inc. Common Stock,Consumer Non-Durables
DNMR,3,Danimer Scientific Inc. Common Stock,Consumer Non-Durables
LEG,3,Leggett & Platt Incorporated Common Stock,Consumer Durables
NVAX,3,Novavax Inc. Common Stock,Health Care
MIC,3,Macquarie Infrastructure Corporation Common Stock,Transportation
FOLD,3,Amicus Therapeutics Inc. Common Stock,Health Care
FOX,6,Fox Corporation Class B Common Stock,Consumer Services
SUN,3,Sunoco LP Common Units representing limited partner interests,Energy
BRO,6,Brown & Brown Inc. Common Stock,Finance
GMED,3,Globus Medical Inc. Class A Common Stock,Health Care
BEN,3,Franklin Resources Inc. Common Stock,Finance
EOD,6,Wells Fargo Global Dividend Opportunity Fund,
FLEX,3,Flex Ltd. Ordinary Shares,Technology
IRS,3,IRSA Inversiones Y Representaciones S.A. Common Stock,Consumer Services
J,3,Jacobs Engineering Group Inc. Common Stock,Capital Goods
EM,6,Smart Share Global Limited American Depositary Shares,Consumer Services
CBOE,12,Cboe Global Markets Inc. Common Stock,
MOD,15,Modine Manufacturing Company Common Stock,Capital Goods
LEDS,3,SemiLEDS Corporation Common Stock,Technology
MSM,6,MSC Industrial Direct Company Inc. Common Stock,Capital Goods
DECK,3,Deckers Outdoor Corporation Common Stock,Consumer Non-Durables
SAM,3,Boston Beer Company Inc. (The) Common Stock,Consumer Non-Durables
PHD,3,Pioneer Floating Rate Fund Inc.,
DARE,3,Dare Bioscience Inc. Common Stock,Health Care
DM,6,Desktop Metal Inc. Class A Common Stock,Technology
PLOW,3,Douglas Dynamics Inc. Common Stock,Capital Goods
PACK,3,Ranpak Holdings Corp Class A Common Stock,Basic Industries
PMD,3,Psychemedics Corporation,Health Care
TREE,3,LendingTree Inc. Common Stock,Finance
GF,3,New Germany Fund Inc. (The) Common Stock,
BBBY,3,Bed Bath & Beyond Inc. Common Stock,Consumer Services
